2026-10-10T08:28:50Z,4, GPU-A, 1 MiB, 0 %, 37, 210 MHz, P8
2026-10-10T08:28:50Z,6, GPU-B, 1 MiB, 0 %, 39, 210 MHz, P8
2026-10-10T08:28:56Z,4, GPU-A, 1 MiB, 0 %, 37, 210 MHz, P8
2026-10-10T08:28:56Z,6, GPU-B, 1 MiB, 0 %, 39, 210 MHz, P8
2026-10-10T08:29:01Z,4, GPU-A, 4 MiB, 0 %, 37, 210 MHz, P8
2026-10-10T08:29:01Z,6, GPU-B, 4 MiB, 0 %, 39, 210 MHz, P8
2026-10-10T08:29:07Z,4, GPU-A, 1 MiB, 0 %, 37, 210 MHz, P8
2026-10-10T08:29:07Z,6, GPU-B, 1 MiB, 0 %, 39, 210 MHz, P8
2026-10-10T08:29:12Z,4, GPU-A, 1 MiB, 0 %, 37, 210 MHz, P8
2026-10-10T08:29:12Z,6, GPU-B, 1 MiB, 0 %, 39, 210 MHz, P8
2026-10-10T08:29:17Z,4, GPU-A, 1 MiB, 0 %, 37, 210 MHz, P8
2026-10-10T08:29:17Z,6, GPU-B, 1 MiB, 0 %, 39, 210 MHz, P8
2026-10-10T08:29:23Z,4, GPU-A, 4 MiB, 0 %, 37, 210 MHz, P8
2026-10-10T08:29:23Z,6, GPU-B, 4 MiB, 0 %, 39, 210 MHz, P8
2026-10-10T08:29:28Z,4, GPU-A, 355 MiB, 0 %, 40, 2520 MHz, P0
2026-10-10T08:29:28Z,6, GPU-B, 4 MiB, 0 %, 39, 210 MHz, P8
2026-10-10T08:29:34Z,4, GPU-A, 359 MiB, 0 %, 41, 2520 MHz, P0
2026-10-10T08:29:34Z,6, GPU-B, 4 MiB, 0 %, 39, 210 MHz, P8
2026-10-10T08:29:39Z,4, GPU-A, 359 MiB, 0 %, 41, 2520 MHz, P0
2026-10-10T08:29:39Z,6, GPU-B, 4 MiB, 0 %, 39, 210 MHz, P8
2026-10-10T08:29:45Z,4, GPU-A, 1 MiB, 0 %, 40, 210 MHz, P8
2026-10-10T08:29:45Z,6, GPU-B, 1 MiB, 0 %, 39, 210 MHz, P8
2026-10-10T08:29:50Z,4, GPU-A, 1 MiB, 0 %, 39, 210 MHz, P8
2026-10-10T08:29:50Z,6, GPU-B, 1 MiB, 0 %, 39, 210 MHz, P8
2026-10-10T08:29:56Z,4, GPU-A, 1 MiB, 0 %, 39, 210 MHz, P8
2026-10-10T08:29:56Z,6, GPU-B, 1 MiB, 0 %, 39, 210 MHz, P8
2026-10-10T08:30:01Z,4, GPU-A, 1 MiB, 0 %, 39, 210 MHz, P8
2026-10-10T08:30:01Z,6, GPU-B, 1 MiB, 0 %, 39, 210 MHz, P8
2026-10-10T08:30:07Z,4, GPU-A, 1 MiB, 0 %, 39, 210 MHz, P8
2026-10-10T08:30:07Z,6, GPU-B, 1 MiB, 0 %, 39, 210 MHz, P8
2026-10-10T08:30:12Z,4, GPU-A, 1 MiB, 0 %, 39, 210 MHz, P8
2026-10-10T08:30:12Z,6, GPU-B, 1 MiB, 0 %, 39, 210 MHz, P8
2026-10-10T08:30:17Z,4, GPU-A, 1 MiB, 0 %, 39, 210 MHz, P8
2026-10-10T08:30:17Z,6, GPU-B, 1 MiB, 0 %, 40, 210 MHz, P8
2026-10-10T08:30:23Z,4, GPU-A, 1 MiB, 0 %, 39, 210 MHz, P8
2026-10-10T08:30:23Z,6, GPU-B, 1 MiB, 0 %, 40, 210 MHz, P8
2026-10-10T08:30:28Z,4, GPU-A, 1 MiB, 0 %, 39, 210 MHz, P8
2026-10-10T08:30:28Z,6, GPU-B, 1 MiB, 0 %, 40, 210 MHz, P8
2026-10-10T08:30:34Z,4, GPU-A, 1 MiB, 0 %, 39, 210 MHz, P8
2026-10-10T08:30:34Z,6, GPU-B, 1 MiB, 0 %, 40, 210 MHz, P8
2026-10-10T08:30:39Z,4, GPU-A, 1 MiB, 0 %, 39, 210 MHz, P8
2026-10-10T08:30:39Z,6, GPU-B, 1 MiB, 0 %, 40, 210 MHz, P8
