2026-10-10T02:49:24Z,4, GPU-4af84168-6d29-6128-fee3-1b146cce9b47, 1 MiB, 0 %, 36, 210 MHz, P8
2026-10-10T02:49:24Z,6, GPU-a2be9350-e0b5-d8b0-9844-51c35161cd3e, 1 MiB, 0 %, 38, 210 MHz, P8
2026-10-10T02:49:29Z,4, GPU-4af84168-6d29-6128-fee3-1b146cce9b47, 1 MiB, 0 %, 36, 210 MHz, P8
2026-10-10T02:49:29Z,6, GPU-a2be9350-e0b5-d8b0-9844-51c35161cd3e, 1 MiB, 0 %, 37, 210 MHz, P8
2026-10-10T02:49:34Z,4, GPU-4af84168-6d29-6128-fee3-1b146cce9b47, 1 MiB, 0 %, 36, 210 MHz, P8
2026-10-10T02:49:34Z,6, GPU-a2be9350-e0b5-d8b0-9844-51c35161cd3e, 1 MiB, 0 %, 37, 210 MHz, P8
2026-10-10T02:49:40Z,4, GPU-4af84168-6d29-6128-fee3-1b146cce9b47, 1 MiB, 0 %, 36, 210 MHz, P8
2026-10-10T02:49:40Z,6, GPU-a2be9350-e0b5-d8b0-9844-51c35161cd3e, 1 MiB, 0 %, 38, 210 MHz, P8
2026-10-10T02:49:45Z,4, GPU-4af84168-6d29-6128-fee3-1b146cce9b47, 461 MiB, 60 %, 39, 2520 MHz, P0
2026-10-10T02:49:45Z,6, GPU-a2be9350-e0b5-d8b0-9844-51c35161cd3e, 461 MiB, 74 %, 41, 2520 MHz, P0
2026-10-10T02:49:51Z,4, GPU-4af84168-6d29-6128-fee3-1b146cce9b47, 3717 MiB, 3 %, 40, 2520 MHz, P0
2026-10-10T02:49:51Z,6, GPU-a2be9350-e0b5-d8b0-9844-51c35161cd3e, 3717 MiB, 0 %, 42, 2520 MHz, P0
2026-10-10T02:49:56Z,4, GPU-4af84168-6d29-6128-fee3-1b146cce9b47, 537 MiB, 95 %, 49, 2520 MHz, P0
2026-10-10T02:49:56Z,6, GPU-a2be9350-e0b5-d8b0-9844-51c35161cd3e, 537 MiB, 99 %, 51, 2520 MHz, P0
2026-10-10T02:50:02Z,4, GPU-4af84168-6d29-6128-fee3-1b146cce9b47, 1337 MiB, 0 %, 43, 2520 MHz, P0
2026-10-10T02:50:02Z,6, GPU-a2be9350-e0b5-d8b0-9844-51c35161cd3e, 1337 MiB, 0 %, 45, 2520 MHz, P0
