utc,index,uuid,memory.used,utilization.gpu,temperature.gpu,clocks.sm,clocks.mem,pstate
2026-10-09T12:35:03Z,6, GPU-a2be9350-e0b5-d8b0-9844-51c35161cd3e, 1 MiB, 0 %, 31, 210 MHz, 405 MHz, P8
2026-10-09T12:35:03Z,7, GPU-b7783a01-c440-29bd-ccb8-98ca7acf6675, 1 MiB, 0 %, 31, 210 MHz, 405 MHz, P8
2026-10-09T12:35:09Z,6, GPU-a2be9350-e0b5-d8b0-9844-51c35161cd3e, 1 MiB, 0 %, 31, 210 MHz, 405 MHz, P8
2026-10-09T12:35:09Z,7, GPU-b7783a01-c440-29bd-ccb8-98ca7acf6675, 1 MiB, 0 %, 31, 210 MHz, 405 MHz, P8
2026-10-09T12:35:14Z,6, GPU-a2be9350-e0b5-d8b0-9844-51c35161cd3e, 1 MiB, 0 %, 31, 210 MHz, 405 MHz, P8
2026-10-09T12:35:14Z,7, GPU-b7783a01-c440-29bd-ccb8-98ca7acf6675, 1 MiB, 0 %, 31, 210 MHz, 405 MHz, P8
2026-10-09T12:35:19Z,6, GPU-a2be9350-e0b5-d8b0-9844-51c35161cd3e, 291 MiB, 0 %, 33, 2520 MHz, 9000 MHz, P0
2026-10-09T12:35:19Z,7, GPU-b7783a01-c440-29bd-ccb8-98ca7acf6675, 4 MiB, 0 %, 31, 210 MHz, 405 MHz, P8
2026-10-09T12:35:24Z,6, GPU-a2be9350-e0b5-d8b0-9844-51c35161cd3e, 371 MiB, 0 %, 34, 2520 MHz, 9000 MHz, P0
2026-10-09T12:35:24Z,7, GPU-b7783a01-c440-29bd-ccb8-98ca7acf6675, 4 MiB, 0 %, 31, 210 MHz, 405 MHz, P8
2026-10-09T12:35:30Z,6, GPU-a2be9350-e0b5-d8b0-9844-51c35161cd3e, 387 MiB, 0 %, 35, 2520 MHz, 9000 MHz, P0
2026-10-09T12:35:30Z,7, GPU-b7783a01-c440-29bd-ccb8-98ca7acf6675, 4 MiB, 0 %, 31, 210 MHz, 405 MHz, P8
2026-10-09T12:35:35Z,6, GPU-a2be9350-e0b5-d8b0-9844-51c35161cd3e, 387 MiB, 1 %, 35, 2520 MHz, 9000 MHz, P0
2026-10-09T12:35:35Z,7, GPU-b7783a01-c440-29bd-ccb8-98ca7acf6675, 4 MiB, 0 %, 31, 210 MHz, 405 MHz, P8
2026-10-09T12:35:40Z,6, GPU-a2be9350-e0b5-d8b0-9844-51c35161cd3e, 387 MiB, 0 %, 36, 2520 MHz, 9000 MHz, P0
2026-10-09T12:35:40Z,7, GPU-b7783a01-c440-29bd-ccb8-98ca7acf6675, 4 MiB, 0 %, 31, 210 MHz, 405 MHz, P8
2026-10-09T12:35:46Z,6, GPU-a2be9350-e0b5-d8b0-9844-51c35161cd3e, 387 MiB, 0 %, 36, 2520 MHz, 9000 MHz, P0
2026-10-09T12:35:46Z,7, GPU-b7783a01-c440-29bd-ccb8-98ca7acf6675, 4 MiB, 0 %, 31, 210 MHz, 405 MHz, P8
2026-10-09T12:35:51Z,6, GPU-a2be9350-e0b5-d8b0-9844-51c35161cd3e, 387 MiB, 0 %, 36, 2520 MHz, 9000 MHz, P0
2026-10-09T12:35:51Z,7, GPU-b7783a01-c440-29bd-ccb8-98ca7acf6675, 4 MiB, 0 %, 31, 210 MHz, 405 MHz, P8
2026-10-09T12:35:56Z,6, GPU-a2be9350-e0b5-d8b0-9844-51c35161cd3e, 387 MiB, 0 %, 36, 2520 MHz, 9000 MHz, P0
2026-10-09T12:35:56Z,7, GPU-b7783a01-c440-29bd-ccb8-98ca7acf6675, 4 MiB, 0 %, 31, 210 MHz, 405 MHz, P8
2026-10-09T12:36:01Z,6, GPU-a2be9350-e0b5-d8b0-9844-51c35161cd3e, 387 MiB, 0 %, 37, 2520 MHz, 9000 MHz, P0
2026-10-09T12:36:01Z,7, GPU-b7783a01-c440-29bd-ccb8-98ca7acf6675, 4 MiB, 0 %, 31, 210 MHz, 405 MHz, P8
2026-10-09T12:36:07Z,6, GPU-a2be9350-e0b5-d8b0-9844-51c35161cd3e, 387 MiB, 1 %, 37, 2520 MHz, 9000 MHz, P0
2026-10-09T12:36:07Z,7, GPU-b7783a01-c440-29bd-ccb8-98ca7acf6675, 4 MiB, 0 %, 31, 210 MHz, 405 MHz, P8
2026-10-09T12:36:12Z,6, GPU-a2be9350-e0b5-d8b0-9844-51c35161cd3e, 387 MiB, 0 %, 37, 2520 MHz, 9000 MHz, P0
2026-10-09T12:36:12Z,7, GPU-b7783a01-c440-29bd-ccb8-98ca7acf6675, 4 MiB, 0 %, 31, 210 MHz, 405 MHz, P8
2026-10-09T12:36:17Z,6, GPU-a2be9350-e0b5-d8b0-9844-51c35161cd3e, 387 MiB, 1 %, 37, 2520 MHz, 9000 MHz, P0
2026-10-09T12:36:17Z,7, GPU-b7783a01-c440-29bd-ccb8-98ca7acf6675, 4 MiB, 0 %, 31, 210 MHz, 405 MHz, P8
2026-10-09T12:36:23Z,6, GPU-a2be9350-e0b5-d8b0-9844-51c35161cd3e, 387 MiB, 1 %, 38, 2520 MHz, 9000 MHz, P0
2026-10-09T12:36:23Z,7, GPU-b7783a01-c440-29bd-ccb8-98ca7acf6675, 4 MiB, 0 %, 31, 210 MHz, 405 MHz, P8
2026-10-09T12:36:28Z,6, GPU-a2be9350-e0b5-d8b0-9844-51c35161cd3e, 387 MiB, 1 %, 38, 2520 MHz, 9000 MHz, P0
2026-10-09T12:36:28Z,7, GPU-b7783a01-c440-29bd-ccb8-98ca7acf6675, 4 MiB, 0 %, 31, 210 MHz, 405 MHz, P8
2026-10-09T12:36:33Z,6, GPU-a2be9350-e0b5-d8b0-9844-51c35161cd3e, 387 MiB, 0 %, 38, 2520 MHz, 9000 MHz, P0
2026-10-09T12:36:33Z,7, GPU-b7783a01-c440-29bd-ccb8-98ca7acf6675, 4 MiB, 0 %, 31, 210 MHz, 405 MHz, P8
2026-10-09T12:36:39Z,6, GPU-a2be9350-e0b5-d8b0-9844-51c35161cd3e, 387 MiB, 0 %, 38, 2520 MHz, 9000 MHz, P0
2026-10-09T12:36:39Z,7, GPU-b7783a01-c440-29bd-ccb8-98ca7acf6675, 4 MiB, 0 %, 31, 210 MHz, 405 MHz, P8
2026-10-09T12:36:44Z,6, GPU-a2be9350-e0b5-d8b0-9844-51c35161cd3e, 387 MiB, 1 %, 38, 2520 MHz, 9000 MHz, P0
2026-10-09T12:36:44Z,7, GPU-b7783a01-c440-29bd-ccb8-98ca7acf6675, 4 MiB, 0 %, 31, 210 MHz, 405 MHz, P8
2026-10-09T12:36:49Z,6, GPU-a2be9350-e0b5-d8b0-9844-51c35161cd3e, 387 MiB, 0 %, 38, 2520 MHz, 9000 MHz, P0
2026-10-09T12:36:49Z,7, GPU-b7783a01-c440-29bd-ccb8-98ca7acf6675, 4 MiB, 0 %, 31, 210 MHz, 405 MHz, P8
2026-10-09T12:36:54Z,6, GPU-a2be9350-e0b5-d8b0-9844-51c35161cd3e, 387 MiB, 1 %, 39, 2520 MHz, 9000 MHz, P0
2026-10-09T12:36:54Z,7, GPU-b7783a01-c440-29bd-ccb8-98ca7acf6675, 4 MiB, 0 %, 31, 210 MHz, 405 MHz, P8
2026-10-09T12:37:00Z,6, GPU-a2be9350-e0b5-d8b0-9844-51c35161cd3e, 387 MiB, 0 %, 39, 2520 MHz, 9000 MHz, P0
2026-10-09T12:37:00Z,7, GPU-b7783a01-c440-29bd-ccb8-98ca7acf6675, 4 MiB, 0 %, 31, 210 MHz, 405 MHz, P8
2026-10-09T12:37:05Z,6, GPU-a2be9350-e0b5-d8b0-9844-51c35161cd3e, 387 MiB, 1 %, 39, 2520 MHz, 9000 MHz, P0
2026-10-09T12:37:05Z,7, GPU-b7783a01-c440-29bd-ccb8-98ca7acf6675, 4 MiB, 0 %, 31, 210 MHz, 405 MHz, P8
2026-10-09T12:37:10Z,6, GPU-a2be9350-e0b5-d8b0-9844-51c35161cd3e, 387 MiB, 0 %, 39, 2520 MHz, 9000 MHz, P0
2026-10-09T12:37:10Z,7, GPU-b7783a01-c440-29bd-ccb8-98ca7acf6675, 4 MiB, 0 %, 31, 210 MHz, 405 MHz, P8
2026-10-09T12:37:16Z,6, GPU-a2be9350-e0b5-d8b0-9844-51c35161cd3e, 387 MiB, 0 %, 39, 2520 MHz, 9000 MHz, P0
2026-10-09T12:37:16Z,7, GPU-b7783a01-c440-29bd-ccb8-98ca7acf6675, 4 MiB, 0 %, 31, 210 MHz, 405 MHz, P8
2026-10-09T12:37:21Z,6, GPU-a2be9350-e0b5-d8b0-9844-51c35161cd3e, 387 MiB, 0 %, 39, 2520 MHz, 9000 MHz, P0
2026-10-09T12:37:21Z,7, GPU-b7783a01-c440-29bd-ccb8-98ca7acf6675, 4 MiB, 0 %, 31, 210 MHz, 405 MHz, P8
2026-10-09T12:37:26Z,6, GPU-a2be9350-e0b5-d8b0-9844-51c35161cd3e, 387 MiB, 0 %, 39, 2520 MHz, 9000 MHz, P0
2026-10-09T12:37:26Z,7, GPU-b7783a01-c440-29bd-ccb8-98ca7acf6675, 4 MiB, 0 %, 31, 210 MHz, 405 MHz, P8
2026-10-09T12:37:32Z,6, GPU-a2be9350-e0b5-d8b0-9844-51c35161cd3e, 387 MiB, 1 %, 39, 2520 MHz, 9000 MHz, P0
2026-10-09T12:37:32Z,7, GPU-b7783a01-c440-29bd-ccb8-98ca7acf6675, 4 MiB, 0 %, 31, 210 MHz, 405 MHz, P8
2026-10-09T12:37:37Z,6, GPU-a2be9350-e0b5-d8b0-9844-51c35161cd3e, 387 MiB, 0 %, 39, 2520 MHz, 9000 MHz, P0
2026-10-09T12:37:37Z,7, GPU-b7783a01-c440-29bd-ccb8-98ca7acf6675, 4 MiB, 0 %, 31, 210 MHz, 405 MHz, P8
2026-10-09T12:37:42Z,6, GPU-a2be9350-e0b5-d8b0-9844-51c35161cd3e, 387 MiB, 0 %, 39, 2520 MHz, 9000 MHz, P0
2026-10-09T12:37:42Z,7, GPU-b7783a01-c440-29bd-ccb8-98ca7acf6675, 4 MiB, 0 %, 31, 210 MHz, 405 MHz, P8
2026-10-09T12:37:47Z,6, GPU-a2be9350-e0b5-d8b0-9844-51c35161cd3e, 387 MiB, 0 %, 39, 2520 MHz, 9000 MHz, P0
2026-10-09T12:37:47Z,7, GPU-b7783a01-c440-29bd-ccb8-98ca7acf6675, 4 MiB, 0 %, 31, 210 MHz, 405 MHz, P8
2026-10-09T12:37:53Z,6, GPU-a2be9350-e0b5-d8b0-9844-51c35161cd3e, 387 MiB, 0 %, 39, 2520 MHz, 9000 MHz, P0
2026-10-09T12:37:53Z,7, GPU-b7783a01-c440-29bd-ccb8-98ca7acf6675, 4 MiB, 0 %, 31, 210 MHz, 405 MHz, P8
2026-10-09T12:37:58Z,6, GPU-a2be9350-e0b5-d8b0-9844-51c35161cd3e, 387 MiB, 0 %, 39, 2520 MHz, 9000 MHz, P0
2026-10-09T12:37:58Z,7, GPU-b7783a01-c440-29bd-ccb8-98ca7acf6675, 4 MiB, 0 %, 31, 210 MHz, 405 MHz, P8
2026-10-09T12:38:03Z,6, GPU-a2be9350-e0b5-d8b0-9844-51c35161cd3e, 387 MiB, 0 %, 40, 2520 MHz, 9000 MHz, P0
2026-10-09T12:38:03Z,7, GPU-b7783a01-c440-29bd-ccb8-98ca7acf6675, 4 MiB, 0 %, 31, 210 MHz, 405 MHz, P8
2026-10-09T12:38:09Z,6, GPU-a2be9350-e0b5-d8b0-9844-51c35161cd3e, 387 MiB, 1 %, 40, 2520 MHz, 9000 MHz, P0
2026-10-09T12:38:09Z,7, GPU-b7783a01-c440-29bd-ccb8-98ca7acf6675, 4 MiB, 0 %, 31, 210 MHz, 405 MHz, P8
2026-10-09T12:38:14Z,6, GPU-a2be9350-e0b5-d8b0-9844-51c35161cd3e, 387 MiB, 1 %, 40, 2520 MHz, 9000 MHz, P0
2026-10-09T12:38:14Z,7, GPU-b7783a01-c440-29bd-ccb8-98ca7acf6675, 4 MiB, 0 %, 31, 210 MHz, 405 MHz, P8
2026-10-09T12:38:19Z,6, GPU-a2be9350-e0b5-d8b0-9844-51c35161cd3e, 387 MiB, 0 %, 40, 2520 MHz, 9000 MHz, P0
2026-10-09T12:38:19Z,7, GPU-b7783a01-c440-29bd-ccb8-98ca7acf6675, 4 MiB, 0 %, 31, 210 MHz, 405 MHz, P8
2026-10-09T12:38:24Z,6, GPU-a2be9350-e0b5-d8b0-9844-51c35161cd3e, 387 MiB, 1 %, 40, 2520 MHz, 9000 MHz, P0
2026-10-09T12:38:24Z,7, GPU-b7783a01-c440-29bd-ccb8-98ca7acf6675, 4 MiB, 0 %, 31, 210 MHz, 405 MHz, P8
2026-10-09T12:38:30Z,6, GPU-a2be9350-e0b5-d8b0-9844-51c35161cd3e, 387 MiB, 0 %, 40, 2520 MHz, 9000 MHz, P0
2026-10-09T12:38:30Z,7, GPU-b7783a01-c440-29bd-ccb8-98ca7acf6675, 4 MiB, 0 %, 31, 210 MHz, 405 MHz, P8
2026-10-09T12:38:35Z,6, GPU-a2be9350-e0b5-d8b0-9844-51c35161cd3e, 387 MiB, 0 %, 40, 2520 MHz, 9000 MHz, P0
2026-10-09T12:38:35Z,7, GPU-b7783a01-c440-29bd-ccb8-98ca7acf6675, 4 MiB, 0 %, 31, 210 MHz, 405 MHz, P8
2026-10-09T12:38:40Z,6, GPU-a2be9350-e0b5-d8b0-9844-51c35161cd3e, 387 MiB, 1 %, 40, 2520 MHz, 9000 MHz, P0
2026-10-09T12:38:40Z,7, GPU-b7783a01-c440-29bd-ccb8-98ca7acf6675, 4 MiB, 0 %, 31, 210 MHz, 405 MHz, P8
2026-10-09T12:38:46Z,6, GPU-a2be9350-e0b5-d8b0-9844-51c35161cd3e, 387 MiB, 0 %, 40, 2520 MHz, 9000 MHz, P0
2026-10-09T12:38:46Z,7, GPU-b7783a01-c440-29bd-ccb8-98ca7acf6675, 4 MiB, 0 %, 31, 210 MHz, 405 MHz, P8
2026-10-09T12:38:51Z,6, GPU-a2be9350-e0b5-d8b0-9844-51c35161cd3e, 387 MiB, 1 %, 40, 2520 MHz, 9000 MHz, P0
2026-10-09T12:38:51Z,7, GPU-b7783a01-c440-29bd-ccb8-98ca7acf6675, 4 MiB, 0 %, 31, 210 MHz, 405 MHz, P8
2026-10-09T12:38:56Z,6, GPU-a2be9350-e0b5-d8b0-9844-51c35161cd3e, 387 MiB, 1 %, 40, 2520 MHz, 9000 MHz, P0
2026-10-09T12:38:56Z,7, GPU-b7783a01-c440-29bd-ccb8-98ca7acf6675, 4 MiB, 0 %, 31, 210 MHz, 405 MHz, P8
2026-10-09T12:39:02Z,6, GPU-a2be9350-e0b5-d8b0-9844-51c35161cd3e, 387 MiB, 0 %, 40, 2520 MHz, 9000 MHz, P0
2026-10-09T12:39:02Z,7, GPU-b7783a01-c440-29bd-ccb8-98ca7acf6675, 4 MiB, 0 %, 31, 210 MHz, 405 MHz, P8
2026-10-09T12:39:07Z,6, GPU-a2be9350-e0b5-d8b0-9844-51c35161cd3e, 387 MiB, 1 %, 40, 2520 MHz, 9000 MHz, P0
2026-10-09T12:39:07Z,7, GPU-b7783a01-c440-29bd-ccb8-98ca7acf6675, 4 MiB, 0 %, 31, 210 MHz, 405 MHz, P8
2026-10-09T12:39:12Z,6, GPU-a2be9350-e0b5-d8b0-9844-51c35161cd3e, 387 MiB, 0 %, 40, 2520 MHz, 9000 MHz, P0
2026-10-09T12:39:12Z,7, GPU-b7783a01-c440-29bd-ccb8-98ca7acf6675, 4 MiB, 0 %, 31, 210 MHz, 405 MHz, P8
2026-10-09T12:39:17Z,6, GPU-a2be9350-e0b5-d8b0-9844-51c35161cd3e, 387 MiB, 0 %, 40, 2520 MHz, 9000 MHz, P0
2026-10-09T12:39:17Z,7, GPU-b7783a01-c440-29bd-ccb8-98ca7acf6675, 4 MiB, 0 %, 31, 210 MHz, 405 MHz, P8
2026-10-09T12:39:23Z,6, GPU-a2be9350-e0b5-d8b0-9844-51c35161cd3e, 387 MiB, 1 %, 40, 2520 MHz, 9000 MHz, P0
2026-10-09T12:39:23Z,7, GPU-b7783a01-c440-29bd-ccb8-98ca7acf6675, 4 MiB, 0 %, 31, 210 MHz, 405 MHz, P8
2026-10-09T12:39:28Z,6, GPU-a2be9350-e0b5-d8b0-9844-51c35161cd3e, 1 MiB, 0 %, 40, 2520 MHz, 9000 MHz, P0
2026-10-09T12:39:28Z,7, GPU-b7783a01-c440-29bd-ccb8-98ca7acf6675, 1 MiB, 0 %, 31, 210 MHz, 405 MHz, P8
2026-10-09T12:39:29Z,6, GPU-a2be9350-e0b5-d8b0-9844-51c35161cd3e, 1 MiB, 0 %, 39, 435 MHz, 9000 MHz, P0
2026-10-09T12:39:29Z,7, GPU-b7783a01-c440-29bd-ccb8-98ca7acf6675, 1 MiB, 0 %, 31, 210 MHz, 405 MHz, P8
