2026-10-10T02:19:07Z,4, GPU-4af84168-6d29-6128-fee3-1b146cce9b47, 1 MiB, 0 %, 36, 210 MHz, P8
2026-10-10T02:19:07Z,6, GPU-a2be9350-e0b5-d8b0-9844-51c35161cd3e, 1 MiB, 0 %, 38, 210 MHz, P8
2026-10-10T02:19:13Z,4, GPU-4af84168-6d29-6128-fee3-1b146cce9b47, 1 MiB, 0 %, 36, 210 MHz, P8
2026-10-10T02:19:13Z,6, GPU-a2be9350-e0b5-d8b0-9844-51c35161cd3e, 1 MiB, 0 %, 38, 210 MHz, P8
2026-10-10T02:19:18Z,4, GPU-4af84168-6d29-6128-fee3-1b146cce9b47, 1 MiB, 0 %, 37, 210 MHz, P8
2026-10-10T02:19:18Z,6, GPU-a2be9350-e0b5-d8b0-9844-51c35161cd3e, 1 MiB, 0 %, 38, 210 MHz, P8
2026-10-10T02:19:24Z,4, GPU-4af84168-6d29-6128-fee3-1b146cce9b47, 1 MiB, 0 %, 37, 210 MHz, P8
2026-10-10T02:19:24Z,6, GPU-a2be9350-e0b5-d8b0-9844-51c35161cd3e, 1 MiB, 0 %, 38, 210 MHz, P8
2026-10-10T02:19:29Z,4, GPU-4af84168-6d29-6128-fee3-1b146cce9b47, 4 MiB, 0 %, 37, 210 MHz, P8
2026-10-10T02:19:29Z,6, GPU-a2be9350-e0b5-d8b0-9844-51c35161cd3e, 4 MiB, 0 %, 38, 210 MHz, P8
2026-10-10T02:19:35Z,4, GPU-4af84168-6d29-6128-fee3-1b146cce9b47, 4 MiB, 0 %, 37, 210 MHz, P8
2026-10-10T02:19:35Z,6, GPU-a2be9350-e0b5-d8b0-9844-51c35161cd3e, 4 MiB, 0 %, 38, 210 MHz, P8
2026-10-10T02:19:40Z,4, GPU-4af84168-6d29-6128-fee3-1b146cce9b47, 4 MiB, 0 %, 37, 210 MHz, P8
2026-10-10T02:19:40Z,6, GPU-a2be9350-e0b5-d8b0-9844-51c35161cd3e, 4 MiB, 0 %, 38, 210 MHz, P8
2026-10-10T02:19:46Z,4, GPU-4af84168-6d29-6128-fee3-1b146cce9b47, 4 MiB, 0 %, 37, 210 MHz, P8
2026-10-10T02:19:46Z,6, GPU-a2be9350-e0b5-d8b0-9844-51c35161cd3e, 21 MiB, 0 %, 38, 2520 MHz, P0
2026-10-10T02:19:51Z,4, GPU-4af84168-6d29-6128-fee3-1b146cce9b47, 15497 MiB, 12 %, 40, 2520 MHz, P0
2026-10-10T02:19:51Z,6, GPU-a2be9350-e0b5-d8b0-9844-51c35161cd3e, 15497 MiB, 12 %, 41, 2520 MHz, P0
2026-10-10T02:19:57Z,4, GPU-4af84168-6d29-6128-fee3-1b146cce9b47, 15377 MiB, 0 %, 41, 2520 MHz, P0
2026-10-10T02:19:57Z,6, GPU-a2be9350-e0b5-d8b0-9844-51c35161cd3e, 15377 MiB, 0 %, 42, 2520 MHz, P0
2026-10-10T02:20:02Z,4, GPU-4af84168-6d29-6128-fee3-1b146cce9b47, 18397 MiB, 0 %, 42, 2520 MHz, P0
2026-10-10T02:20:02Z,6, GPU-a2be9350-e0b5-d8b0-9844-51c35161cd3e, 18397 MiB, 0 %, 42, 2520 MHz, P0
2026-10-10T02:20:08Z,4, GPU-4af84168-6d29-6128-fee3-1b146cce9b47, 18519 MiB, 0 %, 42, 2520 MHz, P0
2026-10-10T02:20:08Z,6, GPU-a2be9350-e0b5-d8b0-9844-51c35161cd3e, 18519 MiB, 1 %, 43, 2520 MHz, P0
2026-10-10T02:20:13Z,4, GPU-4af84168-6d29-6128-fee3-1b146cce9b47, 18519 MiB, 41 %, 44, 2520 MHz, P0
2026-10-10T02:20:13Z,6, GPU-a2be9350-e0b5-d8b0-9844-51c35161cd3e, 18519 MiB, 92 %, 45, 2520 MHz, P0
2026-10-10T02:20:19Z,4, GPU-4af84168-6d29-6128-fee3-1b146cce9b47, 18519 MiB, 41 %, 45, 2520 MHz, P0
2026-10-10T02:20:19Z,6, GPU-a2be9350-e0b5-d8b0-9844-51c35161cd3e, 18519 MiB, 95 %, 46, 2520 MHz, P0
2026-10-10T02:20:24Z,4, GPU-4af84168-6d29-6128-fee3-1b146cce9b47, 18519 MiB, 41 %, 46, 2520 MHz, P0
2026-10-10T02:20:24Z,6, GPU-a2be9350-e0b5-d8b0-9844-51c35161cd3e, 18519 MiB, 92 %, 47, 2520 MHz, P0
2026-10-10T02:20:29Z,4, GPU-4af84168-6d29-6128-fee3-1b146cce9b47, 18519 MiB, 41 %, 47, 2520 MHz, P0
2026-10-10T02:20:29Z,6, GPU-a2be9350-e0b5-d8b0-9844-51c35161cd3e, 18519 MiB, 90 %, 48, 2520 MHz, P0
2026-10-10T02:20:35Z,4, GPU-4af84168-6d29-6128-fee3-1b146cce9b47, 18519 MiB, 41 %, 48, 2520 MHz, P0
2026-10-10T02:20:35Z,6, GPU-a2be9350-e0b5-d8b0-9844-51c35161cd3e, 18519 MiB, 90 %, 49, 2520 MHz, P0
2026-10-10T02:20:40Z,4, GPU-4af84168-6d29-6128-fee3-1b146cce9b47, 18519 MiB, 40 %, 48, 2520 MHz, P0
2026-10-10T02:20:40Z,6, GPU-a2be9350-e0b5-d8b0-9844-51c35161cd3e, 18519 MiB, 93 %, 50, 2520 MHz, P0
2026-10-10T02:20:46Z,4, GPU-4af84168-6d29-6128-fee3-1b146cce9b47, 18521 MiB, 39 %, 49, 2520 MHz, P0
2026-10-10T02:20:46Z,6, GPU-a2be9350-e0b5-d8b0-9844-51c35161cd3e, 18521 MiB, 93 %, 50, 2520 MHz, P0
2026-10-10T02:20:51Z,4, GPU-4af84168-6d29-6128-fee3-1b146cce9b47, 18521 MiB, 39 %, 49, 2520 MHz, P0
2026-10-10T02:20:51Z,6, GPU-a2be9350-e0b5-d8b0-9844-51c35161cd3e, 18521 MiB, 92 %, 51, 2520 MHz, P0
2026-10-10T02:20:57Z,4, GPU-4af84168-6d29-6128-fee3-1b146cce9b47, 18521 MiB, 38 %, 50, 2520 MHz, P0
2026-10-10T02:20:57Z,6, GPU-a2be9350-e0b5-d8b0-9844-51c35161cd3e, 18521 MiB, 92 %, 52, 2520 MHz, P0
2026-10-10T02:21:02Z,4, GPU-4af84168-6d29-6128-fee3-1b146cce9b47, 18521 MiB, 39 %, 51, 2520 MHz, P0
2026-10-10T02:21:02Z,6, GPU-a2be9350-e0b5-d8b0-9844-51c35161cd3e, 18521 MiB, 92 %, 52, 2520 MHz, P0
2026-10-10T02:21:08Z,4, GPU-4af84168-6d29-6128-fee3-1b146cce9b47, 18521 MiB, 38 %, 51, 2520 MHz, P0
2026-10-10T02:21:08Z,6, GPU-a2be9350-e0b5-d8b0-9844-51c35161cd3e, 18521 MiB, 92 %, 53, 2520 MHz, P0
2026-10-10T02:21:13Z,4, GPU-4af84168-6d29-6128-fee3-1b146cce9b47, 18521 MiB, 39 %, 52, 2520 MHz, P0
2026-10-10T02:21:13Z,6, GPU-a2be9350-e0b5-d8b0-9844-51c35161cd3e, 18521 MiB, 93 %, 54, 2520 MHz, P0
2026-10-10T02:21:19Z,4, GPU-4af84168-6d29-6128-fee3-1b146cce9b47, 18521 MiB, 38 %, 52, 2520 MHz, P0
2026-10-10T02:21:19Z,6, GPU-a2be9350-e0b5-d8b0-9844-51c35161cd3e, 18521 MiB, 93 %, 54, 2520 MHz, P0
2026-10-10T02:21:24Z,4, GPU-4af84168-6d29-6128-fee3-1b146cce9b47, 18521 MiB, 39 %, 53, 2520 MHz, P0
2026-10-10T02:21:24Z,6, GPU-a2be9350-e0b5-d8b0-9844-51c35161cd3e, 18521 MiB, 89 %, 55, 2520 MHz, P0
2026-10-10T02:21:29Z,4, GPU-4af84168-6d29-6128-fee3-1b146cce9b47, 18521 MiB, 39 %, 53, 2520 MHz, P0
2026-10-10T02:21:29Z,6, GPU-a2be9350-e0b5-d8b0-9844-51c35161cd3e, 18521 MiB, 88 %, 55, 2520 MHz, P0
2026-10-10T02:21:35Z,4, GPU-4af84168-6d29-6128-fee3-1b146cce9b47, 18521 MiB, 39 %, 53, 2520 MHz, P0
2026-10-10T02:21:35Z,6, GPU-a2be9350-e0b5-d8b0-9844-51c35161cd3e, 18521 MiB, 92 %, 56, 2520 MHz, P0
2026-10-10T02:21:40Z,4, GPU-4af84168-6d29-6128-fee3-1b146cce9b47, 18521 MiB, 39 %, 54, 2520 MHz, P0
2026-10-10T02:21:40Z,6, GPU-a2be9350-e0b5-d8b0-9844-51c35161cd3e, 18521 MiB, 92 %, 56, 2520 MHz, P0
2026-10-10T02:21:46Z,4, GPU-4af84168-6d29-6128-fee3-1b146cce9b47, 18521 MiB, 39 %, 55, 2520 MHz, P0
2026-10-10T02:21:46Z,6, GPU-a2be9350-e0b5-d8b0-9844-51c35161cd3e, 18521 MiB, 95 %, 57, 2520 MHz, P0
2026-10-10T02:21:51Z,4, GPU-4af84168-6d29-6128-fee3-1b146cce9b47, 18521 MiB, 39 %, 55, 2520 MHz, P0
2026-10-10T02:21:51Z,6, GPU-a2be9350-e0b5-d8b0-9844-51c35161cd3e, 18521 MiB, 94 %, 58, 2520 MHz, P0
2026-10-10T02:21:57Z,4, GPU-4af84168-6d29-6128-fee3-1b146cce9b47, 18521 MiB, 39 %, 55, 2520 MHz, P0
2026-10-10T02:21:57Z,6, GPU-a2be9350-e0b5-d8b0-9844-51c35161cd3e, 18521 MiB, 92 %, 58, 2520 MHz, P0
2026-10-10T02:22:02Z,4, GPU-4af84168-6d29-6128-fee3-1b146cce9b47, 18521 MiB, 39 %, 56, 2520 MHz, P0
2026-10-10T02:22:02Z,6, GPU-a2be9350-e0b5-d8b0-9844-51c35161cd3e, 18521 MiB, 92 %, 58, 2520 MHz, P0
2026-10-10T02:22:08Z,4, GPU-4af84168-6d29-6128-fee3-1b146cce9b47, 18521 MiB, 40 %, 56, 2520 MHz, P0
2026-10-10T02:22:08Z,6, GPU-a2be9350-e0b5-d8b0-9844-51c35161cd3e, 18521 MiB, 88 %, 59, 2520 MHz, P0
2026-10-10T02:22:13Z,4, GPU-4af84168-6d29-6128-fee3-1b146cce9b47, 18521 MiB, 37 %, 56, 2520 MHz, P0
2026-10-10T02:22:13Z,6, GPU-a2be9350-e0b5-d8b0-9844-51c35161cd3e, 18521 MiB, 91 %, 59, 2520 MHz, P0
2026-10-10T02:22:19Z,4, GPU-4af84168-6d29-6128-fee3-1b146cce9b47, 18521 MiB, 38 %, 57, 2520 MHz, P0
2026-10-10T02:22:19Z,6, GPU-a2be9350-e0b5-d8b0-9844-51c35161cd3e, 18521 MiB, 89 %, 60, 2520 MHz, P0
2026-10-10T02:22:24Z,4, GPU-4af84168-6d29-6128-fee3-1b146cce9b47, 18521 MiB, 38 %, 57, 2520 MHz, P0
2026-10-10T02:22:24Z,6, GPU-a2be9350-e0b5-d8b0-9844-51c35161cd3e, 18521 MiB, 88 %, 60, 2520 MHz, P0
2026-10-10T02:22:29Z,4, GPU-4af84168-6d29-6128-fee3-1b146cce9b47, 18521 MiB, 37 %, 58, 2520 MHz, P0
2026-10-10T02:22:29Z,6, GPU-a2be9350-e0b5-d8b0-9844-51c35161cd3e, 18521 MiB, 89 %, 61, 2520 MHz, P0
2026-10-10T02:22:35Z,4, GPU-4af84168-6d29-6128-fee3-1b146cce9b47, 18521 MiB, 37 %, 58, 2520 MHz, P0
2026-10-10T02:22:35Z,6, GPU-a2be9350-e0b5-d8b0-9844-51c35161cd3e, 18521 MiB, 92 %, 61, 2520 MHz, P0
2026-10-10T02:22:40Z,4, GPU-4af84168-6d29-6128-fee3-1b146cce9b47, 18521 MiB, 37 %, 58, 2520 MHz, P0
2026-10-10T02:22:40Z,6, GPU-a2be9350-e0b5-d8b0-9844-51c35161cd3e, 18521 MiB, 93 %, 61, 2520 MHz, P0
2026-10-10T02:22:46Z,4, GPU-4af84168-6d29-6128-fee3-1b146cce9b47, 18521 MiB, 37 %, 59, 2520 MHz, P0
2026-10-10T02:22:46Z,6, GPU-a2be9350-e0b5-d8b0-9844-51c35161cd3e, 18521 MiB, 91 %, 62, 2520 MHz, P0
2026-10-10T02:22:51Z,4, GPU-4af84168-6d29-6128-fee3-1b146cce9b47, 18521 MiB, 37 %, 59, 2520 MHz, P0
2026-10-10T02:22:51Z,6, GPU-a2be9350-e0b5-d8b0-9844-51c35161cd3e, 18521 MiB, 92 %, 62, 2520 MHz, P0
2026-10-10T02:22:57Z,4, GPU-4af84168-6d29-6128-fee3-1b146cce9b47, 18521 MiB, 38 %, 59, 2520 MHz, P0
2026-10-10T02:22:57Z,6, GPU-a2be9350-e0b5-d8b0-9844-51c35161cd3e, 18521 MiB, 91 %, 62, 2520 MHz, P0
2026-10-10T02:23:02Z,4, GPU-4af84168-6d29-6128-fee3-1b146cce9b47, 18521 MiB, 37 %, 60, 2520 MHz, P0
2026-10-10T02:23:02Z,6, GPU-a2be9350-e0b5-d8b0-9844-51c35161cd3e, 18521 MiB, 81 %, 63, 2520 MHz, P0
2026-10-10T02:23:08Z,4, GPU-4af84168-6d29-6128-fee3-1b146cce9b47, 18521 MiB, 37 %, 60, 2520 MHz, P0
2026-10-10T02:23:08Z,6, GPU-a2be9350-e0b5-d8b0-9844-51c35161cd3e, 18521 MiB, 92 %, 63, 2520 MHz, P0
2026-10-10T02:23:13Z,4, GPU-4af84168-6d29-6128-fee3-1b146cce9b47, 18521 MiB, 37 %, 60, 2520 MHz, P0
2026-10-10T02:23:13Z,6, GPU-a2be9350-e0b5-d8b0-9844-51c35161cd3e, 18521 MiB, 92 %, 64, 2520 MHz, P0
2026-10-10T02:23:19Z,4, GPU-4af84168-6d29-6128-fee3-1b146cce9b47, 18521 MiB, 37 %, 61, 2520 MHz, P0
2026-10-10T02:23:19Z,6, GPU-a2be9350-e0b5-d8b0-9844-51c35161cd3e, 18521 MiB, 93 %, 64, 2520 MHz, P0
2026-10-10T02:23:24Z,4, GPU-4af84168-6d29-6128-fee3-1b146cce9b47, 18521 MiB, 37 %, 61, 2520 MHz, P0
2026-10-10T02:23:24Z,6, GPU-a2be9350-e0b5-d8b0-9844-51c35161cd3e, 18521 MiB, 91 %, 64, 2520 MHz, P0
2026-10-10T02:23:29Z,4, GPU-4af84168-6d29-6128-fee3-1b146cce9b47, 18521 MiB, 37 %, 61, 2520 MHz, P0
2026-10-10T02:23:29Z,6, GPU-a2be9350-e0b5-d8b0-9844-51c35161cd3e, 18521 MiB, 91 %, 65, 2520 MHz, P0
2026-10-10T02:23:35Z,4, GPU-4af84168-6d29-6128-fee3-1b146cce9b47, 18521 MiB, 41 %, 62, 2520 MHz, P0
2026-10-10T02:23:35Z,6, GPU-a2be9350-e0b5-d8b0-9844-51c35161cd3e, 18521 MiB, 82 %, 65, 2520 MHz, P0
2026-10-10T02:23:40Z,4, GPU-4af84168-6d29-6128-fee3-1b146cce9b47, 18521 MiB, 37 %, 62, 2520 MHz, P0
2026-10-10T02:23:40Z,6, GPU-a2be9350-e0b5-d8b0-9844-51c35161cd3e, 18521 MiB, 92 %, 65, 2520 MHz, P0
2026-10-10T02:23:46Z,4, GPU-4af84168-6d29-6128-fee3-1b146cce9b47, 18521 MiB, 37 %, 62, 2520 MHz, P0
2026-10-10T02:23:46Z,6, GPU-a2be9350-e0b5-d8b0-9844-51c35161cd3e, 18521 MiB, 91 %, 66, 2520 MHz, P0
2026-10-10T02:23:51Z,4, GPU-4af84168-6d29-6128-fee3-1b146cce9b47, 18521 MiB, 37 %, 62, 2520 MHz, P0
2026-10-10T02:23:51Z,6, GPU-a2be9350-e0b5-d8b0-9844-51c35161cd3e, 18521 MiB, 88 %, 66, 2520 MHz, P0
2026-10-10T02:23:57Z,4, GPU-4af84168-6d29-6128-fee3-1b146cce9b47, 18521 MiB, 37 %, 63, 2520 MHz, P0
2026-10-10T02:23:57Z,6, GPU-a2be9350-e0b5-d8b0-9844-51c35161cd3e, 18521 MiB, 91 %, 66, 2520 MHz, P0
2026-10-10T02:24:02Z,4, GPU-4af84168-6d29-6128-fee3-1b146cce9b47, 18521 MiB, 37 %, 63, 2520 MHz, P0
2026-10-10T02:24:02Z,6, GPU-a2be9350-e0b5-d8b0-9844-51c35161cd3e, 18521 MiB, 91 %, 67, 2520 MHz, P0
2026-10-10T02:24:08Z,4, GPU-4af84168-6d29-6128-fee3-1b146cce9b47, 18521 MiB, 38 %, 63, 2520 MHz, P0
2026-10-10T02:24:08Z,6, GPU-a2be9350-e0b5-d8b0-9844-51c35161cd3e, 18521 MiB, 91 %, 67, 2520 MHz, P0
2026-10-10T02:24:13Z,4, GPU-4af84168-6d29-6128-fee3-1b146cce9b47, 18521 MiB, 38 %, 63, 2520 MHz, P0
2026-10-10T02:24:13Z,6, GPU-a2be9350-e0b5-d8b0-9844-51c35161cd3e, 18521 MiB, 91 %, 67, 2520 MHz, P0
2026-10-10T02:24:19Z,4, GPU-4af84168-6d29-6128-fee3-1b146cce9b47, 18521 MiB, 38 %, 63, 2520 MHz, P0
2026-10-10T02:24:19Z,6, GPU-a2be9350-e0b5-d8b0-9844-51c35161cd3e, 18521 MiB, 90 %, 68, 2520 MHz, P0
2026-10-10T02:24:24Z,4, GPU-4af84168-6d29-6128-fee3-1b146cce9b47, 18521 MiB, 37 %, 64, 2520 MHz, P0
2026-10-10T02:24:24Z,6, GPU-a2be9350-e0b5-d8b0-9844-51c35161cd3e, 18521 MiB, 83 %, 68, 2520 MHz, P0
2026-10-10T02:24:29Z,4, GPU-4af84168-6d29-6128-fee3-1b146cce9b47, 18521 MiB, 37 %, 64, 2520 MHz, P0
2026-10-10T02:24:29Z,6, GPU-a2be9350-e0b5-d8b0-9844-51c35161cd3e, 18521 MiB, 91 %, 68, 2520 MHz, P0
2026-10-10T02:24:35Z,4, GPU-4af84168-6d29-6128-fee3-1b146cce9b47, 18521 MiB, 37 %, 64, 2520 MHz, P0
2026-10-10T02:24:35Z,6, GPU-a2be9350-e0b5-d8b0-9844-51c35161cd3e, 18521 MiB, 91 %, 68, 2520 MHz, P0
2026-10-10T02:24:40Z,4, GPU-4af84168-6d29-6128-fee3-1b146cce9b47, 18521 MiB, 37 %, 64, 2520 MHz, P0
2026-10-10T02:24:40Z,6, GPU-a2be9350-e0b5-d8b0-9844-51c35161cd3e, 18521 MiB, 92 %, 69, 2520 MHz, P0
2026-10-10T02:24:46Z,4, GPU-4af84168-6d29-6128-fee3-1b146cce9b47, 18521 MiB, 37 %, 64, 2520 MHz, P0
2026-10-10T02:24:46Z,6, GPU-a2be9350-e0b5-d8b0-9844-51c35161cd3e, 18521 MiB, 92 %, 69, 2520 MHz, P0
2026-10-10T02:24:51Z,4, GPU-4af84168-6d29-6128-fee3-1b146cce9b47, 18521 MiB, 40 %, 65, 2520 MHz, P0
2026-10-10T02:24:51Z,6, GPU-a2be9350-e0b5-d8b0-9844-51c35161cd3e, 18521 MiB, 95 %, 69, 2520 MHz, P0
2026-10-10T02:24:57Z,4, GPU-4af84168-6d29-6128-fee3-1b146cce9b47, 18521 MiB, 37 %, 65, 2520 MHz, P0
2026-10-10T02:24:57Z,6, GPU-a2be9350-e0b5-d8b0-9844-51c35161cd3e, 18521 MiB, 93 %, 69, 2520 MHz, P0
2026-10-10T02:25:02Z,4, GPU-4af84168-6d29-6128-fee3-1b146cce9b47, 18521 MiB, 38 %, 65, 2520 MHz, P0
2026-10-10T02:25:02Z,6, GPU-a2be9350-e0b5-d8b0-9844-51c35161cd3e, 18521 MiB, 92 %, 69, 2520 MHz, P0
2026-10-10T02:25:08Z,4, GPU-4af84168-6d29-6128-fee3-1b146cce9b47, 18521 MiB, 39 %, 65, 2520 MHz, P0
2026-10-10T02:25:08Z,6, GPU-a2be9350-e0b5-d8b0-9844-51c35161cd3e, 18521 MiB, 82 %, 69, 2520 MHz, P0
2026-10-10T02:25:13Z,4, GPU-4af84168-6d29-6128-fee3-1b146cce9b47, 18521 MiB, 38 %, 65, 2520 MHz, P0
2026-10-10T02:25:13Z,6, GPU-a2be9350-e0b5-d8b0-9844-51c35161cd3e, 18521 MiB, 93 %, 70, 2520 MHz, P0
2026-10-10T02:25:19Z,4, GPU-4af84168-6d29-6128-fee3-1b146cce9b47, 18521 MiB, 38 %, 65, 2520 MHz, P0
2026-10-10T02:25:19Z,6, GPU-a2be9350-e0b5-d8b0-9844-51c35161cd3e, 18521 MiB, 91 %, 70, 2520 MHz, P0
2026-10-10T02:25:24Z,4, GPU-4af84168-6d29-6128-fee3-1b146cce9b47, 18521 MiB, 38 %, 66, 2520 MHz, P0
2026-10-10T02:25:24Z,6, GPU-a2be9350-e0b5-d8b0-9844-51c35161cd3e, 18521 MiB, 91 %, 70, 2520 MHz, P0
2026-10-10T02:25:29Z,4, GPU-4af84168-6d29-6128-fee3-1b146cce9b47, 18521 MiB, 38 %, 66, 2520 MHz, P0
2026-10-10T02:25:29Z,6, GPU-a2be9350-e0b5-d8b0-9844-51c35161cd3e, 18521 MiB, 90 %, 70, 2520 MHz, P0
2026-10-10T02:25:35Z,4, GPU-4af84168-6d29-6128-fee3-1b146cce9b47, 18521 MiB, 38 %, 66, 2520 MHz, P0
2026-10-10T02:25:35Z,6, GPU-a2be9350-e0b5-d8b0-9844-51c35161cd3e, 18521 MiB, 92 %, 70, 2520 MHz, P0
2026-10-10T02:25:40Z,4, GPU-4af84168-6d29-6128-fee3-1b146cce9b47, 18521 MiB, 37 %, 66, 2520 MHz, P0
2026-10-10T02:25:40Z,6, GPU-a2be9350-e0b5-d8b0-9844-51c35161cd3e, 18521 MiB, 93 %, 71, 2520 MHz, P0
2026-10-10T02:25:46Z,4, GPU-4af84168-6d29-6128-fee3-1b146cce9b47, 18521 MiB, 38 %, 66, 2520 MHz, P0
2026-10-10T02:25:46Z,6, GPU-a2be9350-e0b5-d8b0-9844-51c35161cd3e, 18521 MiB, 94 %, 71, 2520 MHz, P0
2026-10-10T02:25:51Z,4, GPU-4af84168-6d29-6128-fee3-1b146cce9b47, 18521 MiB, 38 %, 66, 2520 MHz, P0
2026-10-10T02:25:51Z,6, GPU-a2be9350-e0b5-d8b0-9844-51c35161cd3e, 18521 MiB, 94 %, 71, 2520 MHz, P0
2026-10-10T02:25:57Z,4, GPU-4af84168-6d29-6128-fee3-1b146cce9b47, 18521 MiB, 38 %, 66, 2520 MHz, P0
2026-10-10T02:25:57Z,6, GPU-a2be9350-e0b5-d8b0-9844-51c35161cd3e, 18521 MiB, 92 %, 71, 2520 MHz, P0
2026-10-10T02:26:02Z,4, GPU-4af84168-6d29-6128-fee3-1b146cce9b47, 18521 MiB, 38 %, 66, 2520 MHz, P0
2026-10-10T02:26:02Z,6, GPU-a2be9350-e0b5-d8b0-9844-51c35161cd3e, 18521 MiB, 92 %, 71, 2520 MHz, P0
2026-10-10T02:26:08Z,4, GPU-4af84168-6d29-6128-fee3-1b146cce9b47, 18521 MiB, 37 %, 66, 2520 MHz, P0
2026-10-10T02:26:08Z,6, GPU-a2be9350-e0b5-d8b0-9844-51c35161cd3e, 18521 MiB, 93 %, 71, 2520 MHz, P0
2026-10-10T02:26:13Z,4, GPU-4af84168-6d29-6128-fee3-1b146cce9b47, 18521 MiB, 38 %, 66, 2520 MHz, P0
2026-10-10T02:26:13Z,6, GPU-a2be9350-e0b5-d8b0-9844-51c35161cd3e, 18521 MiB, 92 %, 71, 2520 MHz, P0
2026-10-10T02:26:19Z,4, GPU-4af84168-6d29-6128-fee3-1b146cce9b47, 18521 MiB, 38 %, 66, 2520 MHz, P0
2026-10-10T02:26:19Z,6, GPU-a2be9350-e0b5-d8b0-9844-51c35161cd3e, 18521 MiB, 94 %, 72, 2520 MHz, P0
2026-10-10T02:26:24Z,4, GPU-4af84168-6d29-6128-fee3-1b146cce9b47, 18521 MiB, 38 %, 67, 2520 MHz, P0
2026-10-10T02:26:24Z,6, GPU-a2be9350-e0b5-d8b0-9844-51c35161cd3e, 18521 MiB, 94 %, 72, 2520 MHz, P0
2026-10-10T02:26:30Z,4, GPU-4af84168-6d29-6128-fee3-1b146cce9b47, 18521 MiB, 38 %, 66, 2520 MHz, P0
2026-10-10T02:26:30Z,6, GPU-a2be9350-e0b5-d8b0-9844-51c35161cd3e, 18521 MiB, 93 %, 72, 2520 MHz, P0
2026-10-10T02:26:35Z,4, GPU-4af84168-6d29-6128-fee3-1b146cce9b47, 18521 MiB, 38 %, 66, 2520 MHz, P0
2026-10-10T02:26:35Z,6, GPU-a2be9350-e0b5-d8b0-9844-51c35161cd3e, 18521 MiB, 93 %, 72, 2520 MHz, P0
2026-10-10T02:26:40Z,4, GPU-4af84168-6d29-6128-fee3-1b146cce9b47, 18521 MiB, 38 %, 66, 2520 MHz, P0
2026-10-10T02:26:40Z,6, GPU-a2be9350-e0b5-d8b0-9844-51c35161cd3e, 18521 MiB, 92 %, 72, 2520 MHz, P0
2026-10-10T02:26:46Z,4, GPU-4af84168-6d29-6128-fee3-1b146cce9b47, 18521 MiB, 37 %, 67, 2520 MHz, P0
2026-10-10T02:26:46Z,6, GPU-a2be9350-e0b5-d8b0-9844-51c35161cd3e, 18521 MiB, 93 %, 72, 2520 MHz, P0
2026-10-10T02:26:51Z,4, GPU-4af84168-6d29-6128-fee3-1b146cce9b47, 18521 MiB, 38 %, 67, 2520 MHz, P0
2026-10-10T02:26:51Z,6, GPU-a2be9350-e0b5-d8b0-9844-51c35161cd3e, 18521 MiB, 93 %, 72, 2520 MHz, P0
2026-10-10T02:26:57Z,4, GPU-4af84168-6d29-6128-fee3-1b146cce9b47, 18521 MiB, 38 %, 67, 2520 MHz, P0
2026-10-10T02:26:57Z,6, GPU-a2be9350-e0b5-d8b0-9844-51c35161cd3e, 18521 MiB, 94 %, 72, 2520 MHz, P0
2026-10-10T02:27:02Z,4, GPU-4af84168-6d29-6128-fee3-1b146cce9b47, 18521 MiB, 38 %, 67, 2520 MHz, P0
2026-10-10T02:27:02Z,6, GPU-a2be9350-e0b5-d8b0-9844-51c35161cd3e, 18521 MiB, 92 %, 73, 2520 MHz, P0
2026-10-10T02:27:08Z,4, GPU-4af84168-6d29-6128-fee3-1b146cce9b47, 18521 MiB, 38 %, 67, 2520 MHz, P0
2026-10-10T02:27:08Z,6, GPU-a2be9350-e0b5-d8b0-9844-51c35161cd3e, 18521 MiB, 93 %, 73, 2520 MHz, P0
2026-10-10T02:27:13Z,4, GPU-4af84168-6d29-6128-fee3-1b146cce9b47, 18521 MiB, 38 %, 67, 2520 MHz, P0
2026-10-10T02:27:13Z,6, GPU-a2be9350-e0b5-d8b0-9844-51c35161cd3e, 18521 MiB, 91 %, 73, 2520 MHz, P0
2026-10-10T02:27:19Z,4, GPU-4af84168-6d29-6128-fee3-1b146cce9b47, 18521 MiB, 37 %, 67, 2520 MHz, P0
2026-10-10T02:27:19Z,6, GPU-a2be9350-e0b5-d8b0-9844-51c35161cd3e, 18521 MiB, 91 %, 73, 2520 MHz, P0
2026-10-10T02:27:24Z,4, GPU-4af84168-6d29-6128-fee3-1b146cce9b47, 18521 MiB, 38 %, 67, 2520 MHz, P0
2026-10-10T02:27:24Z,6, GPU-a2be9350-e0b5-d8b0-9844-51c35161cd3e, 18521 MiB, 91 %, 73, 2520 MHz, P0
2026-10-10T02:27:30Z,4, GPU-4af84168-6d29-6128-fee3-1b146cce9b47, 18521 MiB, 38 %, 67, 2520 MHz, P0
2026-10-10T02:27:30Z,6, GPU-a2be9350-e0b5-d8b0-9844-51c35161cd3e, 18521 MiB, 91 %, 73, 2520 MHz, P0
2026-10-10T02:27:35Z,4, GPU-4af84168-6d29-6128-fee3-1b146cce9b47, 18521 MiB, 37 %, 67, 2520 MHz, P0
2026-10-10T02:27:35Z,6, GPU-a2be9350-e0b5-d8b0-9844-51c35161cd3e, 18521 MiB, 94 %, 73, 2520 MHz, P0
2026-10-10T02:27:40Z,4, GPU-4af84168-6d29-6128-fee3-1b146cce9b47, 18521 MiB, 37 %, 67, 2520 MHz, P0
2026-10-10T02:27:40Z,6, GPU-a2be9350-e0b5-d8b0-9844-51c35161cd3e, 18521 MiB, 93 %, 73, 2520 MHz, P0
2026-10-10T02:27:46Z,4, GPU-4af84168-6d29-6128-fee3-1b146cce9b47, 18521 MiB, 37 %, 67, 2520 MHz, P0
2026-10-10T02:27:46Z,6, GPU-a2be9350-e0b5-d8b0-9844-51c35161cd3e, 18521 MiB, 93 %, 74, 2520 MHz, P0
2026-10-10T02:27:51Z,4, GPU-4af84168-6d29-6128-fee3-1b146cce9b47, 18521 MiB, 38 %, 67, 2520 MHz, P0
2026-10-10T02:27:51Z,6, GPU-a2be9350-e0b5-d8b0-9844-51c35161cd3e, 18521 MiB, 93 %, 74, 2520 MHz, P0
2026-10-10T02:27:57Z,4, GPU-4af84168-6d29-6128-fee3-1b146cce9b47, 18521 MiB, 58 %, 67, 2520 MHz, P0
2026-10-10T02:27:57Z,6, GPU-a2be9350-e0b5-d8b0-9844-51c35161cd3e, 18521 MiB, 72 %, 74, 2520 MHz, P0
2026-10-10T02:28:02Z,4, GPU-4af84168-6d29-6128-fee3-1b146cce9b47, 18521 MiB, 38 %, 68, 2520 MHz, P0
2026-10-10T02:28:02Z,6, GPU-a2be9350-e0b5-d8b0-9844-51c35161cd3e, 18521 MiB, 91 %, 74, 2520 MHz, P0
2026-10-10T02:28:08Z,4, GPU-4af84168-6d29-6128-fee3-1b146cce9b47, 18521 MiB, 38 %, 68, 2520 MHz, P0
2026-10-10T02:28:08Z,6, GPU-a2be9350-e0b5-d8b0-9844-51c35161cd3e, 18521 MiB, 90 %, 74, 2520 MHz, P0
2026-10-10T02:28:13Z,4, GPU-4af84168-6d29-6128-fee3-1b146cce9b47, 18521 MiB, 38 %, 68, 2520 MHz, P0
2026-10-10T02:28:13Z,6, GPU-a2be9350-e0b5-d8b0-9844-51c35161cd3e, 18521 MiB, 87 %, 74, 2520 MHz, P0
2026-10-10T02:28:19Z,4, GPU-4af84168-6d29-6128-fee3-1b146cce9b47, 18521 MiB, 40 %, 68, 2520 MHz, P0
2026-10-10T02:28:19Z,6, GPU-a2be9350-e0b5-d8b0-9844-51c35161cd3e, 18521 MiB, 78 %, 74, 2520 MHz, P0
2026-10-10T02:28:24Z,4, GPU-4af84168-6d29-6128-fee3-1b146cce9b47, 18521 MiB, 38 %, 68, 2520 MHz, P0
2026-10-10T02:28:24Z,6, GPU-a2be9350-e0b5-d8b0-9844-51c35161cd3e, 18521 MiB, 90 %, 74, 2520 MHz, P0
2026-10-10T02:28:30Z,4, GPU-4af84168-6d29-6128-fee3-1b146cce9b47, 18521 MiB, 38 %, 68, 2520 MHz, P0
2026-10-10T02:28:30Z,6, GPU-a2be9350-e0b5-d8b0-9844-51c35161cd3e, 18521 MiB, 90 %, 74, 2520 MHz, P0
2026-10-10T02:28:35Z,4, GPU-4af84168-6d29-6128-fee3-1b146cce9b47, 18521 MiB, 38 %, 68, 2520 MHz, P0
2026-10-10T02:28:35Z,6, GPU-a2be9350-e0b5-d8b0-9844-51c35161cd3e, 18521 MiB, 92 %, 75, 2520 MHz, P0
2026-10-10T02:28:41Z,4, GPU-4af84168-6d29-6128-fee3-1b146cce9b47, 18521 MiB, 39 %, 68, 2520 MHz, P0
2026-10-10T02:28:41Z,6, GPU-a2be9350-e0b5-d8b0-9844-51c35161cd3e, 18521 MiB, 87 %, 75, 2520 MHz, P0
2026-10-10T02:28:46Z,4, GPU-4af84168-6d29-6128-fee3-1b146cce9b47, 18521 MiB, 38 %, 68, 2520 MHz, P0
2026-10-10T02:28:46Z,6, GPU-a2be9350-e0b5-d8b0-9844-51c35161cd3e, 18521 MiB, 90 %, 75, 2520 MHz, P0
2026-10-10T02:28:52Z,4, GPU-4af84168-6d29-6128-fee3-1b146cce9b47, 18521 MiB, 38 %, 68, 2520 MHz, P0
2026-10-10T02:28:52Z,6, GPU-a2be9350-e0b5-d8b0-9844-51c35161cd3e, 18521 MiB, 90 %, 75, 2520 MHz, P0
2026-10-10T02:28:57Z,4, GPU-4af84168-6d29-6128-fee3-1b146cce9b47, 18521 MiB, 38 %, 68, 2520 MHz, P0
2026-10-10T02:28:57Z,6, GPU-a2be9350-e0b5-d8b0-9844-51c35161cd3e, 18521 MiB, 90 %, 75, 2520 MHz, P0
2026-10-10T02:29:02Z,4, GPU-4af84168-6d29-6128-fee3-1b146cce9b47, 18521 MiB, 38 %, 68, 2520 MHz, P0
2026-10-10T02:29:02Z,6, GPU-a2be9350-e0b5-d8b0-9844-51c35161cd3e, 18521 MiB, 91 %, 75, 2520 MHz, P0
2026-10-10T02:29:08Z,4, GPU-4af84168-6d29-6128-fee3-1b146cce9b47, 18521 MiB, 19 %, 68, 2520 MHz, P0
2026-10-10T02:29:08Z,6, GPU-a2be9350-e0b5-d8b0-9844-51c35161cd3e, 18521 MiB, 99 %, 75, 2520 MHz, P0
2026-10-10T02:29:13Z,4, GPU-4af84168-6d29-6128-fee3-1b146cce9b47, 585 MiB, 1 %, 67, 2520 MHz, P0
2026-10-10T02:29:13Z,6, GPU-a2be9350-e0b5-d8b0-9844-51c35161cd3e, 583 MiB, 1 %, 74, 2520 MHz, P0
2026-10-10T02:29:19Z,4, GPU-4af84168-6d29-6128-fee3-1b146cce9b47, 1 MiB, 0 %, 64, 210 MHz, P0
2026-10-10T02:29:19Z,6, GPU-a2be9350-e0b5-d8b0-9844-51c35161cd3e, 1 MiB, 0 %, 71, 210 MHz, P0
2026-10-10T02:29:24Z,4, GPU-4af84168-6d29-6128-fee3-1b146cce9b47, 1 MiB, 0 %, 62, 210 MHz, P8
2026-10-10T02:29:24Z,6, GPU-a2be9350-e0b5-d8b0-9844-51c35161cd3e, 1 MiB, 0 %, 69, 210 MHz, P8
2026-10-10T02:29:30Z,4, GPU-4af84168-6d29-6128-fee3-1b146cce9b47, 1 MiB, 0 %, 61, 210 MHz, P8
2026-10-10T02:29:30Z,6, GPU-a2be9350-e0b5-d8b0-9844-51c35161cd3e, 1 MiB, 0 %, 68, 210 MHz, P8
2026-10-10T02:29:35Z,4, GPU-4af84168-6d29-6128-fee3-1b146cce9b47, 4 MiB, 0 %, 60, 210 MHz, P8
2026-10-10T02:29:35Z,6, GPU-a2be9350-e0b5-d8b0-9844-51c35161cd3e, 4 MiB, 0 %, 67, 210 MHz, P8
2026-10-10T02:29:41Z,4, GPU-4af84168-6d29-6128-fee3-1b146cce9b47, 4 MiB, 0 %, 59, 210 MHz, P8
2026-10-10T02:29:41Z,6, GPU-a2be9350-e0b5-d8b0-9844-51c35161cd3e, 4 MiB, 0 %, 66, 210 MHz, P8
2026-10-10T02:29:46Z,4, GPU-4af84168-6d29-6128-fee3-1b146cce9b47, 4 MiB, 0 %, 58, 210 MHz, P8
2026-10-10T02:29:46Z,6, GPU-a2be9350-e0b5-d8b0-9844-51c35161cd3e, 4 MiB, 0 %, 65, 210 MHz, P8
2026-10-10T02:29:52Z,4, GPU-4af84168-6d29-6128-fee3-1b146cce9b47, 4 MiB, 0 %, 58, 210 MHz, P8
2026-10-10T02:29:52Z,6, GPU-a2be9350-e0b5-d8b0-9844-51c35161cd3e, 4 MiB, 0 %, 64, 210 MHz, P8
2026-10-10T02:29:57Z,4, GPU-4af84168-6d29-6128-fee3-1b146cce9b47, 561 MiB, 0 %, 59, 2520 MHz, P0
2026-10-10T02:29:57Z,6, GPU-a2be9350-e0b5-d8b0-9844-51c35161cd3e, 561 MiB, 1 %, 66, 2520 MHz, P0
2026-10-10T02:30:03Z,4, GPU-4af84168-6d29-6128-fee3-1b146cce9b47, 15497 MiB, 14 %, 59, 2520 MHz, P0
2026-10-10T02:30:03Z,6, GPU-a2be9350-e0b5-d8b0-9844-51c35161cd3e, 16139 MiB, 33 %, 68, 2520 MHz, P0
2026-10-10T02:30:08Z,4, GPU-4af84168-6d29-6128-fee3-1b146cce9b47, 15379 MiB, 0 %, 59, 2520 MHz, P0
2026-10-10T02:30:08Z,6, GPU-a2be9350-e0b5-d8b0-9844-51c35161cd3e, 15379 MiB, 0 %, 66, 2520 MHz, P0
2026-10-10T02:30:14Z,4, GPU-4af84168-6d29-6128-fee3-1b146cce9b47, 18397 MiB, 0 %, 59, 2520 MHz, P0
2026-10-10T02:30:14Z,6, GPU-a2be9350-e0b5-d8b0-9844-51c35161cd3e, 18397 MiB, 0 %, 66, 2520 MHz, P0
2026-10-10T02:30:19Z,4, GPU-4af84168-6d29-6128-fee3-1b146cce9b47, 18519 MiB, 43 %, 61, 2520 MHz, P0
2026-10-10T02:30:19Z,6, GPU-a2be9350-e0b5-d8b0-9844-51c35161cd3e, 18519 MiB, 87 %, 67, 2520 MHz, P0
2026-10-10T02:30:24Z,4, GPU-4af84168-6d29-6128-fee3-1b146cce9b47, 18519 MiB, 43 %, 61, 2520 MHz, P0
2026-10-10T02:30:24Z,6, GPU-a2be9350-e0b5-d8b0-9844-51c35161cd3e, 18519 MiB, 94 %, 68, 2520 MHz, P0
2026-10-10T02:30:30Z,4, GPU-4af84168-6d29-6128-fee3-1b146cce9b47, 18519 MiB, 43 %, 62, 2520 MHz, P0
2026-10-10T02:30:30Z,6, GPU-a2be9350-e0b5-d8b0-9844-51c35161cd3e, 18519 MiB, 93 %, 69, 2520 MHz, P0
2026-10-10T02:30:35Z,4, GPU-4af84168-6d29-6128-fee3-1b146cce9b47, 18519 MiB, 42 %, 62, 2520 MHz, P0
2026-10-10T02:30:35Z,6, GPU-a2be9350-e0b5-d8b0-9844-51c35161cd3e, 18519 MiB, 94 %, 69, 2520 MHz, P0
2026-10-10T02:30:41Z,4, GPU-4af84168-6d29-6128-fee3-1b146cce9b47, 18519 MiB, 42 %, 62, 2520 MHz, P0
2026-10-10T02:30:41Z,6, GPU-a2be9350-e0b5-d8b0-9844-51c35161cd3e, 18519 MiB, 94 %, 69, 2520 MHz, P0
2026-10-10T02:30:46Z,4, GPU-4af84168-6d29-6128-fee3-1b146cce9b47, 18519 MiB, 42 %, 62, 2520 MHz, P0
2026-10-10T02:30:46Z,6, GPU-a2be9350-e0b5-d8b0-9844-51c35161cd3e, 18519 MiB, 90 %, 69, 2520 MHz, P0
2026-10-10T02:30:52Z,4, GPU-4af84168-6d29-6128-fee3-1b146cce9b47, 18521 MiB, 40 %, 63, 2520 MHz, P0
2026-10-10T02:30:52Z,6, GPU-a2be9350-e0b5-d8b0-9844-51c35161cd3e, 18521 MiB, 93 %, 69, 2520 MHz, P0
2026-10-10T02:30:57Z,4, GPU-4af84168-6d29-6128-fee3-1b146cce9b47, 18521 MiB, 40 %, 63, 2520 MHz, P0
2026-10-10T02:30:57Z,6, GPU-a2be9350-e0b5-d8b0-9844-51c35161cd3e, 18521 MiB, 91 %, 70, 2520 MHz, P0
2026-10-10T02:31:03Z,4, GPU-4af84168-6d29-6128-fee3-1b146cce9b47, 18521 MiB, 41 %, 63, 2520 MHz, P0
2026-10-10T02:31:03Z,6, GPU-a2be9350-e0b5-d8b0-9844-51c35161cd3e, 18521 MiB, 78 %, 70, 2520 MHz, P0
2026-10-10T02:31:08Z,4, GPU-4af84168-6d29-6128-fee3-1b146cce9b47, 18521 MiB, 40 %, 63, 2520 MHz, P0
2026-10-10T02:31:08Z,6, GPU-a2be9350-e0b5-d8b0-9844-51c35161cd3e, 18521 MiB, 92 %, 71, 2520 MHz, P0
2026-10-10T02:31:14Z,4, GPU-4af84168-6d29-6128-fee3-1b146cce9b47, 18521 MiB, 41 %, 64, 2520 MHz, P0
2026-10-10T02:31:14Z,6, GPU-a2be9350-e0b5-d8b0-9844-51c35161cd3e, 18521 MiB, 90 %, 71, 2520 MHz, P0
2026-10-10T02:31:19Z,4, GPU-4af84168-6d29-6128-fee3-1b146cce9b47, 18521 MiB, 50 %, 64, 2520 MHz, P0
2026-10-10T02:31:19Z,6, GPU-a2be9350-e0b5-d8b0-9844-51c35161cd3e, 18521 MiB, 81 %, 71, 2520 MHz, P0
2026-10-10T02:31:25Z,4, GPU-4af84168-6d29-6128-fee3-1b146cce9b47, 18521 MiB, 40 %, 64, 2520 MHz, P0
2026-10-10T02:31:25Z,6, GPU-a2be9350-e0b5-d8b0-9844-51c35161cd3e, 18521 MiB, 92 %, 71, 2520 MHz, P0
2026-10-10T02:31:30Z,4, GPU-4af84168-6d29-6128-fee3-1b146cce9b47, 18521 MiB, 40 %, 64, 2520 MHz, P0
2026-10-10T02:31:30Z,6, GPU-a2be9350-e0b5-d8b0-9844-51c35161cd3e, 18521 MiB, 92 %, 72, 2520 MHz, P0
2026-10-10T02:31:35Z,4, GPU-4af84168-6d29-6128-fee3-1b146cce9b47, 18521 MiB, 46 %, 64, 2520 MHz, P0
2026-10-10T02:31:35Z,6, GPU-a2be9350-e0b5-d8b0-9844-51c35161cd3e, 18521 MiB, 90 %, 72, 2520 MHz, P0
2026-10-10T02:31:41Z,4, GPU-4af84168-6d29-6128-fee3-1b146cce9b47, 18521 MiB, 41 %, 64, 2520 MHz, P0
2026-10-10T02:31:41Z,6, GPU-a2be9350-e0b5-d8b0-9844-51c35161cd3e, 18521 MiB, 92 %, 72, 2520 MHz, P0
2026-10-10T02:31:46Z,4, GPU-4af84168-6d29-6128-fee3-1b146cce9b47, 18521 MiB, 39 %, 65, 2520 MHz, P0
2026-10-10T02:31:46Z,6, GPU-a2be9350-e0b5-d8b0-9844-51c35161cd3e, 18521 MiB, 91 %, 72, 2520 MHz, P0
2026-10-10T02:31:52Z,4, GPU-4af84168-6d29-6128-fee3-1b146cce9b47, 18521 MiB, 39 %, 65, 2520 MHz, P0
2026-10-10T02:31:52Z,6, GPU-a2be9350-e0b5-d8b0-9844-51c35161cd3e, 18521 MiB, 85 %, 72, 2520 MHz, P0
2026-10-10T02:31:57Z,4, GPU-4af84168-6d29-6128-fee3-1b146cce9b47, 18521 MiB, 39 %, 65, 2520 MHz, P0
2026-10-10T02:31:57Z,6, GPU-a2be9350-e0b5-d8b0-9844-51c35161cd3e, 18521 MiB, 92 %, 72, 2520 MHz, P0
2026-10-10T02:32:03Z,4, GPU-4af84168-6d29-6128-fee3-1b146cce9b47, 18521 MiB, 39 %, 65, 2520 MHz, P0
2026-10-10T02:32:03Z,6, GPU-a2be9350-e0b5-d8b0-9844-51c35161cd3e, 18521 MiB, 87 %, 73, 2520 MHz, P0
2026-10-10T02:32:08Z,4, GPU-4af84168-6d29-6128-fee3-1b146cce9b47, 18521 MiB, 39 %, 66, 2520 MHz, P0
2026-10-10T02:32:08Z,6, GPU-a2be9350-e0b5-d8b0-9844-51c35161cd3e, 18521 MiB, 89 %, 73, 2520 MHz, P0
2026-10-10T02:32:14Z,4, GPU-4af84168-6d29-6128-fee3-1b146cce9b47, 18521 MiB, 40 %, 66, 2520 MHz, P0
2026-10-10T02:32:14Z,6, GPU-a2be9350-e0b5-d8b0-9844-51c35161cd3e, 18521 MiB, 84 %, 73, 2520 MHz, P0
2026-10-10T02:32:19Z,4, GPU-4af84168-6d29-6128-fee3-1b146cce9b47, 18521 MiB, 39 %, 66, 2520 MHz, P0
2026-10-10T02:32:19Z,6, GPU-a2be9350-e0b5-d8b0-9844-51c35161cd3e, 18521 MiB, 90 %, 73, 2520 MHz, P0
2026-10-10T02:32:25Z,4, GPU-4af84168-6d29-6128-fee3-1b146cce9b47, 18521 MiB, 39 %, 66, 2520 MHz, P0
2026-10-10T02:32:25Z,6, GPU-a2be9350-e0b5-d8b0-9844-51c35161cd3e, 18521 MiB, 89 %, 74, 2520 MHz, P0
2026-10-10T02:32:30Z,4, GPU-4af84168-6d29-6128-fee3-1b146cce9b47, 18521 MiB, 40 %, 66, 2520 MHz, P0
2026-10-10T02:32:30Z,6, GPU-a2be9350-e0b5-d8b0-9844-51c35161cd3e, 18521 MiB, 87 %, 74, 2520 MHz, P0
2026-10-10T02:32:36Z,4, GPU-4af84168-6d29-6128-fee3-1b146cce9b47, 18521 MiB, 40 %, 66, 2520 MHz, P0
2026-10-10T02:32:36Z,6, GPU-a2be9350-e0b5-d8b0-9844-51c35161cd3e, 18521 MiB, 81 %, 74, 2520 MHz, P0
2026-10-10T02:32:41Z,4, GPU-4af84168-6d29-6128-fee3-1b146cce9b47, 18521 MiB, 39 %, 66, 2520 MHz, P0
2026-10-10T02:32:41Z,6, GPU-a2be9350-e0b5-d8b0-9844-51c35161cd3e, 18521 MiB, 90 %, 74, 2520 MHz, P0
2026-10-10T02:32:46Z,4, GPU-4af84168-6d29-6128-fee3-1b146cce9b47, 18521 MiB, 39 %, 66, 2520 MHz, P0
2026-10-10T02:32:46Z,6, GPU-a2be9350-e0b5-d8b0-9844-51c35161cd3e, 18521 MiB, 89 %, 74, 2520 MHz, P0
2026-10-10T02:32:52Z,4, GPU-4af84168-6d29-6128-fee3-1b146cce9b47, 18521 MiB, 39 %, 67, 2520 MHz, P0
2026-10-10T02:32:52Z,6, GPU-a2be9350-e0b5-d8b0-9844-51c35161cd3e, 18521 MiB, 82 %, 74, 2520 MHz, P0
2026-10-10T02:32:57Z,4, GPU-4af84168-6d29-6128-fee3-1b146cce9b47, 18521 MiB, 44 %, 67, 2520 MHz, P0
2026-10-10T02:32:57Z,6, GPU-a2be9350-e0b5-d8b0-9844-51c35161cd3e, 18521 MiB, 88 %, 74, 2520 MHz, P0
2026-10-10T02:33:03Z,4, GPU-4af84168-6d29-6128-fee3-1b146cce9b47, 18521 MiB, 39 %, 67, 2520 MHz, P0
2026-10-10T02:33:03Z,6, GPU-a2be9350-e0b5-d8b0-9844-51c35161cd3e, 18521 MiB, 92 %, 75, 2520 MHz, P0
2026-10-10T02:33:08Z,4, GPU-4af84168-6d29-6128-fee3-1b146cce9b47, 18521 MiB, 40 %, 67, 2520 MHz, P0
2026-10-10T02:33:08Z,6, GPU-a2be9350-e0b5-d8b0-9844-51c35161cd3e, 18521 MiB, 86 %, 75, 2520 MHz, P0
2026-10-10T02:33:14Z,4, GPU-4af84168-6d29-6128-fee3-1b146cce9b47, 18521 MiB, 39 %, 67, 2520 MHz, P0
2026-10-10T02:33:14Z,6, GPU-a2be9350-e0b5-d8b0-9844-51c35161cd3e, 18521 MiB, 91 %, 75, 2520 MHz, P0
2026-10-10T02:33:19Z,4, GPU-4af84168-6d29-6128-fee3-1b146cce9b47, 18521 MiB, 39 %, 67, 2520 MHz, P0
2026-10-10T02:33:19Z,6, GPU-a2be9350-e0b5-d8b0-9844-51c35161cd3e, 18521 MiB, 86 %, 75, 2520 MHz, P0
2026-10-10T02:33:25Z,4, GPU-4af84168-6d29-6128-fee3-1b146cce9b47, 18521 MiB, 39 %, 67, 2520 MHz, P0
2026-10-10T02:33:25Z,6, GPU-a2be9350-e0b5-d8b0-9844-51c35161cd3e, 18521 MiB, 88 %, 75, 2520 MHz, P0
2026-10-10T02:33:30Z,4, GPU-4af84168-6d29-6128-fee3-1b146cce9b47, 18521 MiB, 39 %, 67, 2520 MHz, P0
2026-10-10T02:33:30Z,6, GPU-a2be9350-e0b5-d8b0-9844-51c35161cd3e, 18521 MiB, 85 %, 75, 2520 MHz, P0
2026-10-10T02:33:36Z,4, GPU-4af84168-6d29-6128-fee3-1b146cce9b47, 18521 MiB, 39 %, 67, 2520 MHz, P0
2026-10-10T02:33:36Z,6, GPU-a2be9350-e0b5-d8b0-9844-51c35161cd3e, 18521 MiB, 90 %, 75, 2520 MHz, P0
2026-10-10T02:33:41Z,4, GPU-4af84168-6d29-6128-fee3-1b146cce9b47, 18521 MiB, 39 %, 67, 2520 MHz, P0
2026-10-10T02:33:41Z,6, GPU-a2be9350-e0b5-d8b0-9844-51c35161cd3e, 18521 MiB, 91 %, 75, 2520 MHz, P0
2026-10-10T02:33:47Z,4, GPU-4af84168-6d29-6128-fee3-1b146cce9b47, 18521 MiB, 40 %, 67, 2520 MHz, P0
2026-10-10T02:33:47Z,6, GPU-a2be9350-e0b5-d8b0-9844-51c35161cd3e, 18521 MiB, 86 %, 75, 2520 MHz, P0
2026-10-10T02:33:52Z,4, GPU-4af84168-6d29-6128-fee3-1b146cce9b47, 18521 MiB, 39 %, 67, 2520 MHz, P0
2026-10-10T02:33:52Z,6, GPU-a2be9350-e0b5-d8b0-9844-51c35161cd3e, 18521 MiB, 87 %, 76, 2520 MHz, P0
2026-10-10T02:33:58Z,4, GPU-4af84168-6d29-6128-fee3-1b146cce9b47, 18521 MiB, 39 %, 68, 2520 MHz, P0
2026-10-10T02:33:58Z,6, GPU-a2be9350-e0b5-d8b0-9844-51c35161cd3e, 18521 MiB, 90 %, 76, 2520 MHz, P0
2026-10-10T02:34:03Z,4, GPU-4af84168-6d29-6128-fee3-1b146cce9b47, 18521 MiB, 39 %, 68, 2520 MHz, P0
2026-10-10T02:34:03Z,6, GPU-a2be9350-e0b5-d8b0-9844-51c35161cd3e, 18521 MiB, 92 %, 76, 2520 MHz, P0
2026-10-10T02:34:08Z,4, GPU-4af84168-6d29-6128-fee3-1b146cce9b47, 731 MiB, 65 %, 66, 2520 MHz, P0
2026-10-10T02:34:08Z,6, GPU-a2be9350-e0b5-d8b0-9844-51c35161cd3e, 721 MiB, 77 %, 75, 2520 MHz, P0
